City,Country,lat,lng
Gandia,ES,38.9675925,-0.1803423
Recklinghausen,DE,51.6143815,7.1978546
Bandar Lampung,ID,-5.4460713,105.2643742
Cornellà de Llobregat,ES,41.355724,2.0706225
Esbjerg,DK,55.4664892,8.4520751
Andorra la Vella,AD,42.5069391,1.5212467
Settsu,JP,34.782761,135.553584
Leszno,PL,51.8436068,16.5804218
Lahti,FI,60.9838761,25.6561814
Santo Tirso,PT,41.3440057,-8.4772021
Salta,AR,-25.1076701,-64.3494964
Las Palmas de Gran Canaria,ES,28.128874,-15.4349448
Lamezia Terme,IT,38.9645069,16.3021451
Tulungagung,ID,-8.0729035,111.8996408
Parnamirim,BR,-5.9153334,-35.2679913
Niš,RS,43.3211301,21.8959232
San Marcos Texas,US,29.8826436,-97.9405828
Noril'sk,RU,69.3498394,88.200517
Andorra la Vella,AD,42.5069391,1.5212467
Somma Vesuviana,IT,40.8716147,14.4361417
Maersta,SE,59.6252383,17.8515672
Västerås,SE,59.6110992,16.5463679
Kumla,SE,59.133333,15.133333
Miaoli,TW,24.5647667,120.8205167
Skövde,SE,58.3898453,13.8443792
Cairns Queensland,AU,-16.9206657,145.7721854
Kırklareli,TR,41.7078046,27.6051334
Paisley,GB,55.8455828,-4.4239646
Kudus,ID,-6.8170915,110.838189
Etterbeek,BE,50.8361447,4.3861737
Andorra la Vella,AD,42.5069391,1.5212467
Valencia,VE,10.1828036,-68.003553
Lahug,PH,10.3295494,123.8973345
Suleja,NG,9.2081656,7.1871897
Ampang,MY,3.1502555,101.7602101
Huehuetoca,MX,19.8222076,-99.2709164
Duezce,TR,40.8774545,31.2009618
Glasgow,GB,55.8609825,-4.2488787
Montgomery Alabama,US,32.3669656,-86.3006485
Erzincan,TR,39.7496052,39.4941023
Tecamac,MX,19.7115011,-98.968354
Bagnolet,FR,48.8688199,2.4173658
Escondido California,US,33.1216751,-117.0814849
Albignasego,IT,45.347492,11.867209
Kingston upon Thames,GB,51.4096275,-0.3062621
Hackney,GB,51.5432402,-0.0493621
Hamburg,DE,53.550341,10.000654
Lerum,SE,57.833333,12.3
Higashihiroshima,JP,34.42683,132.741552
Skopje,MK,41.9960924,21.4316495
Castelo Branco,PT,39.9767583,-7.4460599
stí nad Labem,CZ,49.75,15.0
Asahikawa,JP,43.7627501,142.3579263
High Wycombe,GB,51.627422,-0.7484153
Ubatuba,BR,-23.433162,-45.083415
Kiryat Ono,IL,40.00032,-89.25037
Alingsas,SE,57.9998496,12.500037
Peterborough,GB,52.5725769,-0.2427336
Kagoshima,JP,31.521587,130.5474077
Szeged,HU,46.2546312,20.1486016
Bialystok,PL,53.127505,23.1470509
Fayetteville North Carolina,US,35.0525759,-78.878292
Blackpool,GB,53.8182212,-3.0564845
Halmstad,SE,56.6739826,12.8574827
Andorra la Vella,AD,42.5069391,1.5212467
Amman,JO,31.9515694,35.9239625
Barrigada Village,GU,13.4635155,144.7991204
Sint-Michielsgestel,NL,51.650914,5.365289
Mandi,IN,31.6723392,76.9533169
Hendrik-Ido-Ambacht,NL,51.8466499,4.6342804
Spijkenisse,NL,51.8464881,4.3287681
beda,ES,42.6738755,1.0980266
Badajoz,ES,38.8780585,-6.9702048
Pingtung City,TW,22.6697227,120.4884652
Angono,PH,14.525133,121.1539805
Schaarbeek,BE,50.8676041,4.3737121
Bollnaes,SE,61.35,16.433333
Zaporizhzhya,UA,47.8507859,35.1182867
Rochester,GB,51.389062,0.5049347
Sesto San Giovanni,IT,45.5357218,9.2376549
Miyazaki,JP,31.9076334,131.4204022
The Hague,NL,52.0799838,4.3113461
Porto Velho,BR,-8.7494525,-63.8735438
Bến Tre,VN,10.1093637,106.552567
Nellore,IN,14.4493717,79.9873763
Feira de Santana,BR,-12.2578934,-38.9598047
Bilbao,ES,43.2630018,-2.9350039
Dong Nai,VN,11.0063212,107.1921807
Ottaviano,IT,40.8498175,14.4901274
Garland Texas,US,32.912624,-96.6388833
Tours,FR,47.3900474,0.6889268
Stone Mountain Georgia,US,33.8062166,-84.1457505
Tver,RU,56.858675,35.9208284
Andorra la Vella,AD,42.5069391,1.5212467
Lerma de Villada,MX,19.2858955,-99.5122471
Fort Wayne Indiana,US,41.0799898,-85.1386015
Andorra la Vella,AD,42.5069391,1.5212467
Naha,JP,26.2122345,127.6791452
Niiza,JP,35.7934426,139.5652031
Brest,BY,52.093751,23.6851851
Uccle,BE,50.8035441,4.3338445
Kota Bharu,MY,6.1256053,102.2393455
Orzesze,PL,50.1439,18.77462
New Braunfels Texas,US,29.7028266,-98.1257348
Kaiserslautern,DE,49.4432174,7.7689951
Martina Franca,IT,40.7042378,17.3399908
Balikpapan,ID,-1.2398711,116.8593379
Nishi-Tokyo-shi,JP,35.7325993,139.767211
Pijnacker,NL,52.0200581,4.434186
Portland Oregon,US,45.5202471,-122.6741949
Chalco,MX,19.2382585,-98.8188838
Yala,TH,6.3344846,101.1409694
Słupsk,PL,54.4605708,17.02773
Caracas,VE,10.506098,-66.9146017
Harrow,GB,51.5968271,-0.3373161
Irkutsk,RU,52.289597,104.280586
Plovdiv,BG,42.1418541,24.7499297
Parral,MX,16.3692304,-93.0029074
Al Ain City,AE,24.2258413,55.7474052
Medan,ID,3.5896654,98.6738261
Győr,HU,47.687609,17.6346815
Overland Park Kansas,US,38.9742502,-94.6851702
Cuijk,NL,51.7146128,5.8629027
vreux,FR,46.5786978,0.3401023
Bodø,NO,67.2839476,14.3825834
Bydgoszcz,PL,53.1297462,18.0293697
Toledo,BR,-22.7433969,-46.3735044
Mount Pearl,CA,33.5282163,-117.6828073
Iztapalapa,MX,19.3591195,-99.0929294
Ixtapaluca,MX,19.3170983,-98.9050144
Wandsworth,GB,51.4570271,-0.1932607
Winston-Salem North Carolina,US,36.0998131,-80.2440518
Aparecida de Goiania,BR,-16.8226769,-49.2452546
Tepic,MX,21.5043446,-104.894676
San Pedro,PH,14.363668,121.0531876
Tourcoing,FR,50.7235038,3.1605714
Trang,TH,7.5892935,99.5032004
Alta,NO,70.0496275,23.0825401
Worcester,GB,52.1911849,-2.2206585
Andorra la Vella,AD,42.5069391,1.5212467
Merced California,US,37.1641544,-120.7678602
Herning,DK,56.1379757,8.9746623
Jatai,BR,-17.8783829,-51.7204241
Ourense,ES,42.1968459,-7.6114105
Kastamonu,TR,41.3680217,33.7619177
Levanger,NO,63.7462033,11.2998629
Bathinda,IN,40.00032,-86.25027
Radom,PL,51.4171605,21.1609448
Kalmar,SE,57.0278424,16.5752439
Rosmalen,NL,51.7185792,5.3617341
Torrent,ES,39.436668,-0.4656213
Andorra la Vella,AD,42.5069391,1.5212467
Port Elizabeth,ZA,-33.9617051,25.6207519
Hoogezand,NL,53.1638192,6.7556852
Kostroma,RU,57.7679158,40.9269141
Siemianowice Śląskie,PL,50.3128508,19.0177859
Jalandhar,IN,31.2920107,75.5680577
Weesp,NL,52.3044431,5.0585344
Drancy,FR,48.9229803,2.4455201
Aarhus N,DK,56.1496278,10.2134046
Lanus,AR,-34.7033363,-58.3953235
San Diego California,US,32.7174202,-117.1627728
Andorra la Vella,AD,42.5069391,1.5212467
Split,HR,43.5116383,16.4399659
Pasig,PH,14.5594821,121.0812368
Vanlose,DK,55.6856249,12.4888093
Saga,JP,33.2185408,130.1296585
Santiago,CL,-33.4377756,-70.6504502
Lubbock Texas,US,33.5635206,-101.879336
Samarinda,ID,-0.5017804,117.1393089
Rio Grande,BR,-32.0334252,-52.0991297
Littleton Colorado,US,39.613321,-105.0166498
Nieuw-Vennep,NL,52.2647524,4.6335617
Andorra la Vella,AD,42.5069391,1.5212467
Bromma,SE,59.339769,17.9395411
Arequipa,PE,-16.3988667,-71.5369607
Concordia,BR,-27.2312011,-52.0231024
Gravina di Catania,IT,37.5603691,15.0617632
Malmo,SE,55.6052931,13.0001566
Andorra la Vella,AD,42.5069391,1.5212467
Varberg,SE,57.1057412,12.2502949
Richmond Hill,CA,33.5039874,-117.6969043
Wiesbaden,DE,50.0820384,8.2416556
Gwalior,IN,40.00032,-86.25027
Nancy,FR,48.6937223,6.1834097
Maceió,BR,-9.6476843,-35.7339264
San Luis Río Colorado,MX,31.9939146,-114.2907731
Leeds,GB,53.7974185,-1.5437941
Lillestrøm,NO,59.9534148,11.0451526
Albi,FR,43.9277552,2.147899
Svendborg,DK,55.0632573,10.6068652
Isparta,TR,37.9465412,30.9602093
Andorra la Vella,AD,42.5069391,1.5212467
Swansea,GB,51.6195955,-3.9459248
Limerick,IE,52.661252,-8.6301239
Upplands Vasby,SE,59.516667,17.916667
Lund,SE,55.7029296,13.1929449
Tres Arroyos,AR,-38.3770869,-60.2753897
Mytishchi,RU,55.9094928,37.7339358
Düren,DE,50.8031684,6.4820806
Drachten,NL,53.1067171,6.0982549
Tsukuba,JP,36.0833877,140.0765098
Abu Dhabi,AE,24.4538352,54.3774014
Kota Kinabalu,MY,5.9780066,116.0728988
General Pico,AR,33.608922,-91.207356
Ilhéus,BR,-14.792599,-39.0453843
Kalyan,IN,40.00032,-86.25027
Henderson Nevada,US,36.0301134,-114.9826194
s-Gravenzande,NL,52.0028294,4.1603759
Andorra la Vella,AD,42.5069391,1.5212467
Mestre,IT,45.4943063,12.2418053
Luque,PY,-25.2665417,-57.4926928
Andorra la Vella,AD,42.5069391,1.5212467
Getafe,ES,40.3081807,-3.7302679
Saint-Quentin,FR,49.8465253,3.2876843
Kamloops,CA,34.2531462,-118.4145192
Christchurch,NZ,-43.530955,172.6366455
Andorra la Vella,AD,42.5069391,1.5212467
Kassel,DE,51.3154546,9.4924096
Haifa,IL,41.8796717,-87.6267428
Batu Caves,MY,3.2374514,101.681226
Silkeborg,DK,56.169453,9.5495141
Amora,PT,38.6153943,-9.1271399
Curicó,CL,-34.985368,-71.2393705
Pittsburgh Pennsylvania,US,40.4416941,-79.9900861
Piura,PE,-5.0,-80.333333
Sundsvall,SE,62.3907552,17.3071024
Mandal,NO,58.0268181,7.4534802
Piedras Negras,MX,28.6998135,-100.5267104
Kolhapur,IN,16.7028412,74.2405329
Castel Maggiore,IT,44.575685,11.3648104
Akalan,TR,37.3720865,29.3552059
Landvetter,SE,57.6886943,12.219017
Ekerö,SE,59.333333,17.6
Kfar Saba,IL,40.00032,-89.25037
Moncton,CA,46.097995,-64.80011
Deventer,NL,52.2695736,6.2363396
Armenia,CO,4.536307,-75.6723751
Lakeland Florida,US,28.0394654,-81.9498042
Fredericia,DK,55.565268,9.7562169
Trieste,IT,45.6504806,13.7931263
Ridder,KZ,50.338932,83.506157
Hengelo,NL,52.2523195,6.7955256
Andorra la Vella,AD,42.5069391,1.5212467
Brusque,BR,-27.0964628,-48.9136323
Bourg-en-Bresse,FR,46.2051192,5.2250324
Andorra la Vella,AD,42.5069391,1.5212467
Martin,SK,49.0724921,18.929193
Garbsen,DE,52.4276606,9.6005102
Andorra la Vella,AD,42.5069391,1.5212467
Hilden,DE,51.1674417,6.9307271
Vadodara,IN,22.2973142,73.1942567
Como,IT,45.9394759,9.1494101
Florianópolis,BR,-27.5973002,-48.5496098
Jambi City,ID,44.5002,-114.25118
Thanh Hóa,VN,19.811719,105.7745698
Lucas do Rio Verde,BR,-13.0655935,-55.9198356
Rennes,FR,48.1113387,-1.6800198
Andorra la Vella,AD,42.5069391,1.5212467
Formigine,IT,44.5751432,10.8470277
Townsville Queensland,AU,-19.2569391,146.8239537
Andorra la Vella,AD,42.5069391,1.5212467
San Salvador de Jujuy,AR,-32.8039774,-61.3865475
Koganei,JP,35.7041083,139.5106759
Elmshorn,DE,53.7532486,9.6524559
Yakutsk,RU,62.027287,129.732086
Panipat,IN,40.00032,-86.25027
Viladecans,ES,41.3163083,2.0156034
City of Muntinglupa,PH,14.39028,121.0475
Kitchener,CA,43.451291,-80.4927815
Eindhoven,NL,51.4392648,5.478633
Ixelles-Elsene,BE,50.8331141,4.3668279
Managua,NI,12.1459907,-86.2746665
Buderim Queensland,AU,-26.6857535,153.0506403
Patos de Minas,BR,-18.6041453,-46.5096698
Malatya,TR,38.3483098,38.3178715
San Leandro California,US,37.7249296,-122.1560768
Santarém,BR,-2.438489,-54.699611
Glen Iris Victoria,AU,-37.856534,145.0677422
Campos dos Goytacazes,BR,-21.7558619,-41.3326895
Giza,EG,29.9870753,31.2118063
Livorno,IT,42.790219,10.3402814
Thionville,FR,49.3579272,6.1675872
Derby,GB,52.9212617,-1.4761491
Katrineholm,SE,58.9960335,16.2067589
Concord California,US,37.9768525,-122.0335624
Skive,DK,56.6459244,8.9327322
New Taipei,TW,25.011997,121.4656619
Akureyri,IS,65.6839035,-18.1121756
Jeddah,SA,21.5810088,39.1653612
Ciudad Real,ES,38.959751,-3.8828465
Hasselby,SE,57.9333119,16.5168916
Mage,BR,-22.6604221,-43.0426162
Banfield,AR,-34.7437455,-58.3960811
Hai Duong,VN,20.9443681,106.3780373
Fukushima,JP,37.75454,140.4592144
La Roche-sur-Yon,FR,46.6705431,-1.4269698
Perth Western Australia,AU,-31.9496662,115.8619441
Noumea,NC,-22.2766138,166.4477441
Voorhout,NL,52.2244226,4.4886562
Round Rock Texas,US,30.508235,-97.6788934
Andorra la Vella,AD,42.5069391,1.5212467
Buffalo New York,US,42.8867166,-78.8783922
Ibague,CO,4.4446595,-75.2430012
Cagliari,IT,39.2169525,9.1128513
Antibes,FR,43.5836,7.10905
Mogi das Cruzes,BR,-23.5234284,-46.1926671
Ismailia,EG,30.3671977,32.1565462
Reus,ES,41.1555564,1.1076133
Erechim,BR,-27.6350709,-52.2738654
Ourinhos,BR,-22.9777918,-49.868204
Vojens,DK,55.2463562,9.3049694
Chivilcoy,AR,-34.8969591,-60.0190499
Valby,DK,55.6618019,12.5169523
Varginha,BR,-21.5565914,-45.4340674
Leuven,BE,50.879202,4.7011675
Decatur Georgia,US,33.7737582,-84.296069
Brighton Massachusetts,US,42.3500971,-71.1564423
Andorra la Vella,AD,42.5069391,1.5212467
San Luis Obispo California,US,35.3540209,-120.3757163
Calamba,PH,14.2143059,121.1675675
Casablanca,MA,33.5950627,-7.6187768
Castelar,AR,-34.6555638,-58.6425128
Piteşti,RO,44.8572343,24.8719422
Guwahati,IN,26.1805978,91.753943
Sunshine Coast Queensland,AU,-26.5443222,153.0507705
Texcoco,MX,19.4755907,-98.8553964
Tepatitlán de Morelos,MX,20.8170554,-102.6781614
Carpi,IT,44.7835699,10.8854523
Palmerston North,NZ,-40.356317,175.6112388
Ban Phan Don,TH,17.1340838,102.9663394
Tanta,EG,30.7833666,30.9982536
Vejle,DK,55.7000057,9.5333238
Best,NL,51.510017,5.398662
Sofia,BG,42.6978634,23.3221789
Bogor,ID,-6.5962986,106.7972421
Valkenswaard,NL,51.3202409,5.4581819
Pattani,TH,6.8678652,101.2504538
Ajax,CA,37.758743,-122.3887005
Kaluga,RU,54.5101087,36.2598115
Visalia California,US,36.3302284,-119.2920585
Oberhausen,DE,51.4696137,6.8514435
Coquimbo,CL,-30.7546652,-70.9005536
Spokane Washington,US,47.6571934,-117.4235106
Eskişehir,TR,39.6821156,31.0723476
Kakkanad,IN,40.6214551,-79.1525349
Madrid,ES,40.4167047,-3.7035825
Azumino,JP,36.3044083,137.9054972
Arlington Virginia,US,38.8903961,-77.0841585
Kusatsu-shi,JP,35.0340345,135.9507855
Ichinomiya,JP,35.304878,136.806915
Kyoto,JP,35.021041,135.7556075
Raipur,IN,40.00032,-86.25027
Andorra la Vella,AD,42.5069391,1.5212467
Norresundby,DK,57.0607251,9.9241319
Algiers,DZ,36.7753606,3.0601882
Heiloo,NL,52.6019248,4.7050318
Tandil,AR,-37.3282887,-59.1356957
Tokyo,JP,35.6828387,139.7594549
Denver Colorado,US,39.7392364,-104.9848623
Teresina,BR,-5.0896403,-42.809588
Ambon City,ID,44.5002,-114.25118
Gifu City,JP,35.7867449,137.0460777
Rajahmundry,IN,17.0050454,81.7804732
Lublin,PL,51.2181945,22.5546776
Mogi Guacu,BR,-22.372222,-46.9425
Edmond Oklahoma,US,35.6571367,-97.4649038
Errenteria,ES,43.3125271,-1.8986133
Andorra la Vella,AD,42.5069391,1.5212467
Chon Buri,TH,13.1857117,101.1210777
Paderno Dugnano,IT,45.571903,9.1681315
Federal Way Washington,US,47.313494,-122.3393103
Andorra la Vella,AD,42.5069391,1.5212467
Tulancingo,MX,25.8428278,-97.5104235
Giugliano in Campania,IT,40.9286872,14.2006989
Villeurbanne,FR,45.7733124,4.886899
Perugia,IT,43.1070321,12.4029962
Jihlava,CZ,49.396064,15.5903065
Deurne,NL,51.4281834,5.8281069
London,CA,36.4846239,-119.4440598
Talence,FR,44.8088438,-0.5879629
Jose C. Paz,AR,-34.511906,-58.7776777
Charlotte North Carolina,US,35.2272086,-80.8430827
Kurgan,RU,55.7655302,64.5632681
ywiec,PL,52.0,20.0
Geleen,NL,50.9673322,5.8277007
Andorra la Vella,AD,42.5069391,1.5212467
Camden,GB,51.5423045,-0.1395604
General Escobedo,MX,25.8303486,-100.351795
Chesterfield,GB,53.2352134,-1.4264097
Cainta,PH,14.5780161,121.1163072
Hemet California,US,33.7475203,-116.9719684
Andorra la Vella,AD,42.5069391,1.5212467
Venray,NL,51.5270258,5.9753635
Azcapotzalco,MX,19.4837824,-99.1844166
Zagazig,EG,30.5853431,31.5035127
Khobar,SA,26.3039999,50.1960237
Leicester,GB,52.6361398,-1.1330789
rebro,SE,59.7086672,16.6156965
Lisbon,PT,38.7077507,-9.1365919
Agrinio,GR,38.6248275,21.4094206
Hesperia California,US,34.4263886,-117.3008784
Yaroslavl,RU,57.6263877,39.8933705
Brisbane Queensland,AU,-27.4689682,153.0234991
Vladimir,RU,56.1288899,40.4075203
Miami Florida,US,25.7741728,-80.19362
Fresno California,US,36.7295295,-119.7088613
Stockton California,US,37.9577016,-121.2907796
Coburg Victoria,AU,-37.7450415,144.9639916
Taoyuan District,TW,24.993923,121.30168
Tiel,NL,51.8924253,5.4304382
Yokohama,JP,35.444991,139.636768
Sarajevo,BA,43.8519774,18.3866868
Prague,CZ,50.0874654,14.4212535
Kristiansund,NO,63.1150646,7.7332899
Lidkoeping,SE,58.5037196,13.1576427
Raufoss,NO,60.7222414,10.6135011
Papeete,PF,-17.547165,-149.5792868
Ginowan,JP,26.2815839,127.7785754
Accra,GH,5.5600141,-0.2057437
Andorra la Vella,AD,42.5069391,1.5212467
Columbus Ohio,US,39.9622601,-83.0007065
Andorra la Vella,AD,42.5069391,1.5212467
Itajaí,BR,-26.9117879,-48.6669852
Bang Khae,TH,13.7107428,100.4208233
Itaquaquecetuba,BR,-23.4754492,-46.3514033
Las Heras,AR,-46.5897167,-68.9278301
Barretos,BR,-20.5531437,-48.5697509
Greenwich,GB,51.4820845,-0.0045417
Vallejo California,US,38.1040864,-122.2566367
Kurukshetra,IN,29.9693747,76.8482787
Las Vegas Nevada,US,36.17497,-115.13722
Hemel Hempstead,GB,51.7511784,-0.472528
Wrexham,GB,53.0465084,-2.9937869
Chihuahua City,MX,28.5000001,-106.0000001
Katowice,PL,50.2598987,19.0215852
Da Lat,VN,11.9402416,108.4375758
Bartin,TR,41.6338394,32.3384354
San Angelo Texas,US,31.4648357,-100.4398442
Tekirdağ,TR,41.1185843,27.4144196
Stockton-on-Tees,GB,54.564094,-1.3129164
Bourges,FR,47.0805693,2.398932
San Luis,AR,-33.2762202,-65.9515546
Fukui-shi,JP,36.061751,136.2260542
Bath,GB,51.3813864,-2.3596963
Münster,DE,51.9625101,7.6251879
Mantova,IT,45.1693619,10.6706164
Sandefjord,NO,59.1300112,10.2255602
Conselheiro Lafaiete,BR,-20.6596107,-43.785743
Barrie,CA,33.9833501,-114.5341246
Lappeenranta,FI,61.0583713,28.1862742
Santa Clara California,US,37.2333253,-121.6846349
Anglet,FR,43.4813927,-1.5149935
Colombes,FR,48.922788,2.2543577
Flushing,NL,51.4480929,3.5697992
Bacoor,PH,14.4597244,120.9598491
Olongapo City,PH,14.8314675,120.2835205
San Juan,AR,-30.7054363,-69.1988222
Andorra la Vella,AD,42.5069391,1.5212467
Afyonkarahisar,TR,38.6852729,30.6427411
Antakya,TR,36.2646546,36.1762665
Rodez,FR,44.3513062,2.5727883
Andorra la Vella,AD,42.5069391,1.5212467
Anjo,JP,34.947764,137.075563
Monterrey,MX,25.6802019,-100.3152586
Louisville Kentucky,US,38.2542376,-85.759407
Huizen,NL,52.2964844,5.240582
Loeddekoepinge,SE,55.7632132,13.0003944
Frederikshavn,DK,57.4412134,10.5336225
Campo Grande,BR,-20.4640173,-54.6162947
Andorra la Vella,AD,42.5069391,1.5212467
Stezzano,IT,45.6513805,9.6535097
Hiratsuka,JP,35.357674,139.318278
Makkah,SA,21.420847,39.826869
Shatin,HK,22.3835565,114.1899848
Tempe Arizona,US,33.4255056,-111.9400091
Sete Lagoas,BR,-19.466111,-44.246944
Andorra la Vella,AD,42.5069391,1.5212467
Andorra la Vella,AD,42.5069391,1.5212467
Raalte,NL,52.3874327,6.3078482
Portsmouth,GB,50.8036831,-1.075614
Pune,IN,18.521428,73.8544541
Calgary,CA,51.0534234,-114.0625892
Milton Keynes,GB,52.0429797,-0.7589607
Hoboken New Jersey,US,40.7433066,-74.0323752
Taito,JP,35.71745,139.790859
Karaman,TR,37.1796848,33.3383665
Barbacena,BR,-21.2254524,-43.7735087
Wimbledon,GB,51.4214787,-0.2064027
Collingwood Victoria,AU,-37.8043835,144.9877854
Valdivia,CL,-39.8141262,-73.2459859
Ha Long,VN,14.5611259,109.0664837
Iloilo City,PH,10.7026718,122.5686136
Andorra la Vella,AD,42.5069391,1.5212467
Roanoke Virginia,US,37.270973,-79.9414313
Andorra la Vella,AD,42.5069391,1.5212467
Lethbridge,CA,32.971272,-117.129662
Tacna,PE,-18.0138521,-70.2511614
Laredo Texas,US,27.5199841,-99.4953764
Dagenham,GB,51.5413271,0.1481142
Göttingen,DE,51.5328328,9.9351811
Andorra la Vella,AD,42.5069391,1.5212467
Guntur,IN,16.2915189,80.4541588
Hagen,DE,51.3582945,7.473296
Andorra la Vella,AD,42.5069391,1.5212467
Kiel,DE,54.3227085,10.135555
Essen,DE,51.4582235,7.0158171
Pisa,IT,43.7159395,10.4018624
Bristol,GB,51.4538022,-2.5972985
Ponta Delgada,PT,37.7394344,-25.6683618
Salem,IN,11.6612012,78.1602498
Andorra la Vella,AD,42.5069391,1.5212467
Soest,DE,51.5725501,8.1061259
Cairo,EG,30.0443879,31.2357257
Bussum,NL,52.2774207,5.1627465
Grand Rapids Michigan,US,42.9632405,-85.6678639
Andorra la Vella,AD,42.5069391,1.5212467
Teixeira de Freitas,BR,-17.5376644,-39.7458096
Portland Maine,US,43.6610277,-70.2548596
Saint Paul Minnesota,US,44.9504037,-93.1015026
Pori,FI,61.4865542,21.7968951
Sonipat,IN,40.00032,-86.25027
Andorra la Vella,AD,42.5069391,1.5212467
Hudiksvall,SE,61.7281607,17.105575
Soc Trang,VN,9.5664427,105.876444
Walsall,GB,52.5847949,-1.9822687
Mount Waverley Victoria,AU,-37.8752637,145.1281258
Montería,CO,8.7558921,-75.887029
Racibórz,PL,50.0904247,18.2151412
Linköping,SE,58.4098135,15.6245252
St Petersburg,RU,59.938732,30.316229
Skudai,MY,1.5369721,103.662103
Shrewsbury,GB,52.707755,-2.7540658
Jerusalem,IL,40.1113865,-88.2290892
Pompano Beach Florida,US,26.2378597,-80.1247667
Krakow,PL,50.0469432,19.9971534
Toyohashi,JP,34.769123,137.391461
Hisings Backa,SE,57.742936,11.9758332
Obera,AR,-27.4849798,-55.1202965
Kaarina,FI,60.4061996,22.3685677
Sibiu,RO,45.7973912,24.1519202
Torres Vedras,PT,39.1101484,-9.2767311
Bethnal Green,GB,51.5303456,-0.0561633
Obihiro,JP,42.923809,143.1966324
Ponce,PR,18.0039949,-66.6169509
Hubli,IN,39.183099,-87.012232
Goianesia,BR,-15.3118269,-49.1162001
Hastings,NZ,-39.6417678,176.8430781
Coyoacán,MX,19.3500942,-99.1623319
Kowloon,HK,22.3116452,114.1767885
Mataram,ID,-8.5837726,116.10685
Atibaia,BR,-23.1177393,-46.5547861
Rexburg Idaho,US,43.8235163,-111.7870222
Aktobe,KZ,50.2796448,57.2124606
Ensenada,MX,31.8658887,-116.6029835
Athens Georgia,US,33.9597677,-83.376398
Vaernamo,SE,57.2005598,14.083181
Nacka,SE,59.3120997,18.2073591
Hobetesu-tomiuchi,JP,42.80296,142.24349
Andorra la Vella,AD,42.5069391,1.5212467
Petaẖ Tiqwa,IL,40.00032,-89.25037
Laholm,SE,56.5,13.233333
Roanne,FR,46.0345572,4.0729178
Hat Yai,TH,7.0026257,100.4577414
Borken,DE,51.041157,9.288405
Palma,ES,39.5695818,2.6500745
Nonthaburi,TH,13.8610918,100.3456772
Mulhouse,FR,47.7467,7.3389275
Tullinge,SE,59.2054514,17.9042391
Jember,ID,-8.1688563,113.7021772
San Pedro,MX,26.1249273,-102.7745628
Woodbridge Virginia,US,38.636447,-77.2676335
Quillota,CL,-32.879997,-71.2473555
Schagen,NL,52.7882212,4.7413568
São Bernardo do Campo,BR,-23.7080345,-46.5506747
Râmnicu Vâlcea,RO,45.1031731,24.3647209
Elblag,PL,54.1988997,19.4410857
Beauvais,FR,49.4300997,2.0823355
Messina,IT,38.1937571,15.5542082
Salinas California,US,36.6744117,-121.6550372
Troyes,FR,48.2971626,4.0746257
Nashville Tennessee,US,36.1622296,-86.7743531
Mladá Boleslav,CZ,50.4116187,14.9031301
Taichung,TW,24.163162,120.6478282
Leidschendam,NL,52.0861654,4.3946774
Ituzaingo,AR,-34.6583293,-58.6671441
Paderborn,DE,51.7189596,8.7648698
Klepp,NO,58.7326787,5.3543184
Pontevedra,ES,42.6075172,-8.4714942
Fremont California,US,37.5482697,-121.9885719
Andorra la Vella,AD,42.5069391,1.5212467
Aylesbury,GB,51.8161412,-0.8130383
Santa Rosa,AR,-36.6203503,-64.2905765
Andorra la Vella,AD,42.5069391,1.5212467
General Roca,AR,-39.0266276,-67.5754863
Habikino,JP,34.54158,135.599097
Chelles,FR,49.3549458,3.0344372
Mo i Rana,NO,66.3110969,14.1386991
Makassar,ID,-5.1342962,119.4124282
Ipswich,GB,52.0579495,1.1526345
Deurne,BE,51.20849,4.4719297
Kansas City Missouri,US,39.100105,-94.5781416
Whittier California,US,33.9708782,-118.0308396
Wieliczka,PL,49.9823773,20.0602114
Praia Grande,BR,-24.005833,-46.402778
Antipolo City,PH,14.5870262,121.1758611
Temperley,AR,-34.7758816,-58.3971199
Saint-Gilles,BE,50.8249958,4.3454841
Ulan-Ude,RU,51.8357841,107.5839105
Gurgaon,IN,28.4282624,77.0027001
Cambridge,CA,33.552447,-117.108754
Tórshavn,FO,62.012,-6.768
Hillerød,DK,55.9285735,12.3063909
Salford,GB,53.4877463,-2.2891921
Calais,FR,50.9524769,1.8538446
New Delhi,IN,28.6138954,77.2090057
Heraklion,GR,35.3400127,25.1343475
Kurume,JP,33.3196648,130.5081592
Kathmandu,NP,27.708317,85.3205817
Hayes,GB,51.5077154,-0.4181471
Lancaster Pennsylvania,US,40.03813,-76.3056686
Randers,DK,56.4355428,10.0425957
Tres Cantos,ES,40.6065826,-3.7065333
Andorra la Vella,AD,42.5069391,1.5212467
Falun,SE,60.6070068,15.6323059
Niederkassel,DE,50.8137102,7.0351942
Cusco,PE,-13.5170887,-71.9785356
San Antonio Texas,US,29.4246002,-98.4951405
Guildford,GB,51.2356068,-0.5732063
Desio,IT,45.6183103,9.2081245
Semarang,ID,-6.9903988,110.4229104
Mandaue City,PH,10.3386873,123.954666
Den Helder,NL,52.9529894,4.8267592
Grottaglie,IT,40.5361927,17.4342206
Vinnytsia,UA,49.2320162,28.467975
Annemasse,FR,46.1934005,6.2341093
Andorra la Vella,AD,42.5069391,1.5212467
Getxo,ES,43.3479409,-3.0087671
Kouvola,FI,60.8701996,26.7018042
Veghel,NL,51.6134636,5.5446455
Porto Alegre,BR,-30.0324999,-51.2303767
Andorra la Vella,AD,42.5069391,1.5212467
Blacktown New South Wales,AU,-33.7401885,150.8648355
Viamão,BR,-30.0819338,-51.0261927
Andorra la Vella,AD,42.5069391,1.5212467
Lincoln,GB,53.2336301,-0.5392172
Salamanca,MX,20.6523245,-101.1668416
Chiayi,TW,23.4811089,120.4535412
Al Mansurah,EG,29.227778,31.013889
Gold Coast Queensland,AU,-28.0023731,153.4145987
Katy Texas,US,29.7857853,-95.8243956
DeSoto Texas,US,32.6062872,-96.8656216
Drobak,NO,59.6632937,10.6294465
Anchorage Alaska,US,61.2163129,-149.894852
Guanajuato City,MX,20.9876996,-101.0
Cheras,MY,3.0991919,101.7374229
Pordenone,IT,45.9562503,12.6597197
Esloev,SE,55.85,13.316667
Tacoma Washington,US,47.2495798,-122.4398746
Maia,PT,41.2373456,-8.6299982
Sioux Falls South Dakota,US,43.549973,-96.7003324
Andorra la Vella,AD,42.5069391,1.5212467
Ivano-Frankivsk,UA,48.9225224,24.7103188
Shinagawa,JP,35.599252,139.73891
Rionegro,CO,6.1536166,-75.3741691
Itapevi,BR,-23.54888,-46.933889
Stavanger,NO,59.1020129,5.7126114
Azul,AR,-36.77747,-59.8633562
Corinth,GR,37.9386936,22.9280447
Halden,NO,59.0680555,11.537191
Bnei Brak,IL,41.9971917,-87.7061923
Richmond,CA,37.9357576,-122.3477486
Cherkasy,UA,49.4447888,32.0587805
Guadalajara,ES,40.7399963,-2.50593
Vleuten,NL,52.1013234,5.0009576
Telford,GB,52.6780419,-2.4514273
Yunlin,TW,23.6990775,120.5245511
Baie-D'Urfe,CA,34.918948,-120.438409
Toronto,CA,43.6534817,-79.3839347
Cuenca,ES,40.0681156,-2.1348241
Balham,GB,51.4456449,-0.1503643
Andorra la Vella,AD,42.5069391,1.5212467
Hyderabad,IN,17.360589,78.4740613
Koto,JP,35.649154,139.81279
Funchal,PT,32.6496497,-16.9086783
Hässleholm,SE,56.216667,13.733333
Alkmaar,NL,52.6008538,4.8170994
Triggiano,IT,41.063448,16.9216976
Yokkaichi,JP,34.9648428,136.624845
Cancún,MX,21.1617854,-86.8510468
Balıkesir,TR,39.5400798,28.0228793
Zumpango,MX,19.8129367,-99.0818095
Grenoble,FR,45.1875602,5.7357819
Potsdam,DE,52.4009309,13.0591397
Andorra la Vella,AD,42.5069391,1.5212467
Viet Tri,VN,21.324229,105.3881392
Fort Collins Colorado,US,40.5508527,-105.0668085
Guaymas,MX,28.0738847,-111.0185247
Cesano Maderno,IT,45.6281892,9.1462397
Abuja,NG,9.0643305,7.4892974
Saint John,CA,33.4828605,-117.7082911
Jerez de la Frontera,ES,36.6816936,-6.1377402
Spruce Grove,CA,40.0932019,-123.6797493
Evora,PT,38.5707742,-7.9092808
Andorra la Vella,AD,42.5069391,1.5212467
Fuji,JP,35.362799,138.730781
Nyköping,SE,58.7545409,17.0120656
Araguaína,BR,-7.193241,-48.2018597
Duque de Caxias,BR,-22.7896225,-43.309929
Marseille,FR,43.2961743,5.3699525
Voronezh,RU,51.6605982,39.2005858
Helsingborg,SE,56.0441984,12.7040684
Miskolc,HU,48.1030643,20.7900429
Reynosa,MX,26.0704018,-98.2963932
Reims,FR,49.2577886,4.031926
Syktyvkar,RU,61.6685237,50.8352024
Bexleyheath,GB,51.4634854,0.1480552
Amagasaki,JP,34.7288995,135.412989
Oklahoma City Oklahoma,US,35.4729886,-97.5170536
Baton Rouge Louisiana,US,30.4459596,-91.18738
Nishiazabu,JP,35.6589471,139.7235351
Harderwijk,NL,52.3359991,5.6402715
Málaga,ES,36.7213028,-4.4216366
Andorra la Vella,AD,42.5069391,1.5212467
Chandigarh,IN,30.7334421,76.7797143
Terneuzen,NL,51.298843,3.8422044
Brescia,IT,45.7795804,10.425873
Andorra la Vella,AD,42.5069391,1.5212467
Ballerup Municipality,DK,55.7303594,12.3652199
Nairobi,KE,-1.3031689,36.8260612
Tuguegarao City,PH,17.6118858,121.7300377
Vaughan,CA,32.966122,-117.060913
Staten Island New York,US,40.5834557,-74.1496048
Andorra la Vella,AD,42.5069391,1.5212467
Apizaco,MX,19.426431,-98.0774334
Leiden,NL,52.1518157,4.4811089
Wolverhampton,GB,52.5847651,-2.127567
Antofagasta,CL,-23.6463741,-70.3980033
Dalmine,IT,45.649279,9.603953
Seville,ES,37.3886303,-5.9953403
Odder,DK,55.975832,10.1513202
Huancayo,PE,-12.0761679,-75.2063189
Alcobendas,ES,40.5400082,-3.6358494
Boca de la Zanja,AR,34.521236,-92.638109
Le Mans,FR,48.0073796,0.1967599
Heilbronn,DE,49.142291,9.218655
Puerto Vallarta,MX,20.6407176,-105.220306
Botucatu,BR,-22.8879628,-48.4410712
São Mateus,BR,-18.7156342,-39.8482555
Tirupur,IN,40.00032,-86.25027
Vilanova i la Geltrú,ES,41.2241992,1.7256327
Tirupati,IN,13.6316368,79.4231711
Londrina,BR,-23.3112878,-51.1595023
Swindon,GB,51.5613683,-1.7856853
Brzesko,PL,49.9678396,20.6068496
Jequié,BR,-13.8604033,-40.0719627
Fort Myers Florida,US,26.640628,-81.8723084
Asunción,PY,-25.2800459,-57.6343814
Bergen,NO,60.3943055,5.3259192
Cherepovets,RU,59.128696,37.916389
Hobart Tasmania,AU,-42.8825088,147.3281233
Greve,DK,55.5833746,12.2999286
Stalowa Wola,PL,50.5653105,22.0644075
Regina,CA,33.4865332,-117.7072725
Pila,PL,53.1511324,16.7380343
Patna,IN,40.6214551,-79.1525349
Giessen,DE,50.5862066,8.6742306
Sorocaba,BR,-23.5007185,-47.4574439
Nashik,IN,20.0112475,73.7902364
Venice,IT,45.4371908,12.3345898
Albuquerque New Mexico,US,35.0841034,-106.6509851
Andorra la Vella,AD,42.5069391,1.5212467
Opole,PL,50.6787929,17.9298844
Warangal,IN,40.00032,-86.25027
Murmansk,RU,68.970665,33.07497
Midland Texas,US,31.9973662,-102.0779482
Bonn,DE,50.735851,7.10066
Podgorica,ME,42.4415238,19.2621081
Vigo,ES,42.2376602,-8.7247205
Flensburg,DE,54.7833021,9.4333264
Chittoor,IN,13.1601048,79.1555506
Sharjah,AE,25.3461498,55.4210633
Tuen Mun,HK,22.3908021,113.9770274
Cologne,DE,50.938361,6.959974
Balsta,SE,59.5682102,17.5293647
Treviso,IT,45.8066913,12.2063158
Avellino,IT,40.9965446,15.140569
Andorra la Vella,AD,42.5069391,1.5212467
Caucaia,BR,-3.7300563,-38.6593082
Alexandria Virginia,US,38.8051095,-77.0470229
Finchley,GB,51.5973246,-0.1805587
Andorra la Vella,AD,42.5069391,1.5212467
Ulyanovsk,RU,54.3107593,48.3642771
Heroica Matamoros,MX,25.8531593,-97.532902
Luton,GB,51.8784385,-0.4152837
Metz,FR,49.1196964,6.1763552
Mesquite Texas,US,32.7666103,-96.599472
Acerra,IT,40.9460532,14.3750083
Resistencia,AR,-27.4511235,-58.9865196
Piracicaba,BR,-22.72528,-47.64917
Jyväskylä,FI,62.2393002,25.745951
Preverenges,CH,46.516083,6.526853
Cirebon,ID,-6.7137044,108.5608483
Kuwait City,KW,29.3797091,47.9735629
Freiburg im Breisgau,DE,47.9960901,7.8494005
Palmdale California,US,34.5793131,-118.1171108
Naaldwijk,NL,51.9963306,4.2059633
Mendoza,AR,-34.787093,-68.4381868
Nagpur,IN,21.1498134,79.0820556
Cambridge Massachusetts,US,42.3750997,-71.1056157
Trois-Rivières,CA,34.527808,-117.812015
Culemborg,NL,51.9493315,5.2092152
Maastricht,NL,50.8579855,5.6969882
Natal,BR,-5.805398,-35.2080905
Concordia,AR,-31.3972539,-58.0173305
Almere Stad,NL,52.3722582,5.2176582
Estoril,PT,38.7095707,-9.3901368
Skien,NO,59.2662883,9.5311354
Mississauga,CA,43.5896231,-79.6443879
Sydney New South Wales,AU,-33.8548157,151.2164539
Chur,CH,46.855515,9.5254066
Tarragona,ES,41.1172364,1.2546057
Andorra la Vella,AD,42.5069391,1.5212467
Katwijk,NL,52.2005078,4.4146372
IJsselstein,NL,52.0262053,5.0286859
Hanoi,VN,21.0294498,105.8544441
Nybro,SE,56.7448691,15.9079772
Noicattaro,IT,41.0322873,16.9877123
San Bernardino California,US,34.8253019,-116.0833144
Suzano,BR,-23.5427842,-46.3108391
Bronshoj,DK,55.704111,12.4985492
Ivanovo,RU,56.9984452,40.9737394
Atlanta Georgia,US,33.7489924,-84.3902644
ilina,SK,42.9298896,25.8773778
Novokuznetsk,RU,53.757607,87.136101
Cabo Frio,BR,-22.8804369,-42.0189227
Niterói,BR,-22.8832371,-43.1154552
Soest,NL,52.1644757,5.2957256
Saint-Nazaire,FR,47.2733517,-2.2138905
Gateshead,GB,54.9625789,-1.6019294
Kent Washington,US,47.3826903,-122.2270272
Karnal,IN,40.00032,-86.25027
Provo Utah,US,40.2338438,-111.6585337
Frederiksberg,DK,55.678016,12.5326186
Bologna,IT,44.4937577,11.3430308
Anápolis,BR,-16.3332828,-48.9525756
Dehradun,IN,30.3255646,78.0436813
Tolyatti,RU,53.51495,49.407574
Bhimavaram,IN,40.00032,-86.25027
Grants Pass Oregon,US,42.4393707,-123.3272489
Perth,GB,56.3957679,-3.4335463
Herne,DE,51.5380394,7.219985
Bloomington Indiana,US,39.1670396,-86.5342881
Andorra la Vella,AD,42.5069391,1.5212467
Castricum,NL,52.5588305,4.6396755
Jayapura,ID,-2.5387539,140.7037389
Andorra la Vella,AD,42.5069391,1.5212467
Detroit Michigan,US,42.3315509,-83.0466403
Papendrecht,NL,51.834667,4.7046883
Barra Mansa,BR,-22.5394843,-44.1735129
Nijverdal,NL,52.359431,6.466514
Trabzon,TR,41.0058605,39.7180928
Alfenas,BR,-21.4297405,-45.9479419
Andorra la Vella,AD,42.5069391,1.5212467
Ystad,SE,55.4329849,13.8196555
Mechelen,BE,51.0281381,4.4803453
La Rochelle,FR,46.1591126,-1.1520434
Sanlúcar de Barrameda,ES,36.7761393,-6.3534794
Charleville-Mézières,FR,49.7735712,4.7206939
Porirua,NZ,-41.1354696,174.8398067
Vancouver Washington,US,45.6306954,-122.6744557
Ithaca New York,US,42.4396039,-76.4968019
Gorinchem,NL,51.8421872,4.9746005
Malolos,PH,14.843759,120.8113694
Sydney,CA,35.2682244,-120.6429641
Andorra la Vella,AD,42.5069391,1.5212467
Kampong Bukit Panjang,SG,1.3498546,103.7854162
Ambala,IN,40.00032,-86.25027
Galten,DK,56.1549933,9.9109137
Puente Alto,CL,-33.6095279,-70.5754736
Monte Grande,AR,-34.8197713,-58.4660274
Tlalnepantla,MX,19.0297838,-98.9858196
Andorra la Vella,AD,42.5069391,1.5212467
Campeche,MX,19.3292055,-89.9439148
Centenario,AR,-31.665189,-60.7218755
Andorra la Vella,AD,42.5069391,1.5212467
Sochi,RU,43.5854823,39.723109
Ejido Culiacan (Culiacancito),MX,24.002391,-107.0288523
Quezon,PH,13.9,122.0
Svedala,SE,55.5513434,13.216676
Kanazawa,JP,36.5780499,136.6480247
Andorra la Vella,AD,42.5069391,1.5212467
Villejuif,FR,48.7921098,2.3633048
Caguas,PR,18.2345399,-66.0351316
Buzau,RO,45.2692581,26.7748173
Oviedo,ES,43.3605977,-5.8448989
Kakogawa,JP,34.786771,134.8498955
Mazatlán,MX,23.2313053,-106.4153144
Vijayawada,IN,40.00032,-86.25027
Ribeirão Preto,BR,-21.178333,-47.8066671
Haiphong,VN,20.858864,106.6749591
Ushuaia,AR,-54.8069332,-68.3073246
Garanhuns,BR,-8.8905889,-36.4930896
Andorra la Vella,AD,42.5069391,1.5212467
Markham,CA,34.2367656,-118.0991325
Acireale,IT,37.6127773,15.1658804
Lleida,ES,41.6147605,0.6267842
Gobernador Galvez,AR,-29.2301693,-61.7643121
Sneek,NL,53.033548,5.6611029
Banja Luka,BA,44.7720845,17.1917651
Mäntsälä,FI,60.6339269,25.3188193
Colombo,LK,6.9349969,79.8538463
Greater Sudbury,CA,37.166095,-118.284852
Rio Claro,BR,-22.4100108,-47.5603933
Andorra la Vella,AD,42.5069391,1.5212467
Alajuela,CR,10.4624947,-84.467498
Covilha,PT,40.2805658,-7.5043211
Juiz de Fora,BR,-21.7609533,-43.3501129
Saint-Germain-en-Laye,FR,48.9356047,2.0917743
Hsinchu County,TW,24.8267,121.0128333
Sobral,BR,-3.6879135,-40.3456372
Ann Arbor Michigan,US,42.2681569,-83.7312291
Verviers,BE,50.59324,5.867828
North Point,HK,22.2906565,114.1989737
Dombivali,IN,19.1969686,73.0747354
Bandar Seri Begawan,BN,4.8895453,114.9417574
Bordeaux,FR,44.841225,-0.5800364
Bytom,PL,50.3657432,18.8715325
Caxias do Sul,BR,-29.1684951,-51.1796197
Volos,GR,39.3624833,22.9401864
Osby,SE,56.416667,14.083333
Częstochowa,PL,50.8089997,19.1244089
Oud-Beijerland,NL,51.8251585,4.4179182
Riyadh,SA,24.638916,46.7160104
Andorra la Vella,AD,42.5069391,1.5212467
Winschoten,NL,53.1429957,7.0381231
Mielec,PL,50.2802473,21.4631343
Chernihiv,UA,51.494099,31.294332
Francisco Morato,BR,-23.2817308,-46.7448996
Andorra la Vella,AD,42.5069391,1.5212467
Chino Hills California,US,33.9926803,-117.760056
Pabianice,PL,51.6662312,19.3592547
Angoulême,FR,45.6512748,0.1576745
Jabalpur,IN,23.1608938,79.9497702
Orléans,FR,47.9027336,1.9086066
Nara,JP,34.2963089,135.8816819
Aachen,DE,50.776351,6.083862
Mairena del Aljarafe,ES,37.3444908,-6.0606771
Bury,GB,52.2460367,0.7125173
Sassari,IT,40.7778004,8.921997
Celaya,MX,20.5218445,-100.8139609
Brownsville Texas,US,25.9140256,-97.4890856
Mono,CA,37.9533927,-118.9398758
Pasto,CO,1.2146013,-77.2782755
Amiens,FR,49.8941708,2.2956951
Andorra la Vella,AD,42.5069391,1.5212467
Macapá,BR,0.0401529,-51.0569588
Albany New York,US,40.7127281,-74.0060152
Brooklyn New York,US,40.6501038,-73.9495823
Guarulhos,BR,-23.4430602,-46.524459
Paranaque City,PH,14.5007016,120.9915488
Andorra la Vella,AD,42.5069391,1.5212467
Oulu,FI,65.0118734,25.4716809
Pomigliano d'Arco,IT,40.907912,14.386233
Ocotlan,MX,20.3872033,-102.7336192
Osaka,JP,34.6198813,135.490357
Macerata,IT,43.1529781,13.1508822
Rio Tercero,AR,-32.3746009,-63.4550363
Belém,BR,-1.45056,-48.4682453
Cabo San Lucas,MX,22.8938884,-109.9200604
Nijkerk,NL,52.2148536,5.4781463
Piacenza,IT,44.8476352,9.6665313
Zapopan,MX,20.7211203,-103.3913671
Hamar,NO,60.7955967,11.0746049
Bangkok,TH,13.7544238,100.4930399
Wijchen,NL,51.8202529,5.6960903
vila,ES,39.6134018,2.8804305
Wadowice,PL,49.8834484,19.4925345
Rio Tinto,PT,41.1807166,-8.5575691
Juchitán de Zaragoza,MX,16.4333347,-95.019444
Gliwice,PL,50.3011314,18.6623472
Virginia Beach Virginia,US,36.8529841,-75.9774183
Vilnius,LT,54.6870458,25.2829111
Diadema,BR,-23.681347,-46.62052
Kista,SE,59.403311,17.9442849
Lampang,TH,18.6799728,99.7332501
Bradenton Florida,US,27.4989278,-82.5748194
Santa Cruz de Tenerife,ES,28.469648,-16.2540884
Aalborg,DK,57.0462626,9.9215263
Ronneby,SE,56.3,15.283333
Primavera do Leste,BR,-15.5614127,-54.2993946
Sölvesborg,SE,56.0506535,14.5871906
Tire,TR,38.088165,27.7339707
Encarnación,PY,-27.3479207,-55.857538
Noordwijk aan Zee,NL,52.2473908,4.4337384
Hamm,DE,51.6804093,7.815197
Larvik,NO,59.053173,10.027182
Charlottesville Virginia,US,38.029306,-78.4766781
Andorra la Vella,AD,42.5069391,1.5212467
Santa Barbara California,US,34.4221319,-119.7026673
Nador,MA,42.36565,-71.10832
Blacksburg Virginia,US,37.2296566,-80.4136767
Lujan de Cuyo,AR,-33.003081,-68.8720247
Ha Tinh,VN,18.2879059,105.7842774
Andorra la Vella,AD,42.5069391,1.5212467
Meaux,FR,48.9582708,2.8773541
Sutton Coldfield,GB,52.5623089,-1.8239794
Tlaxcala City,MX,19.416667,-98.166667
Gillingham,GB,51.3876562,0.5457712
Ho Chi Minh City,VN,10.7758439,106.7017555
St. John's,CA,36.3846719,-119.0984395
Los Ángeles,CL,-37.4707455,-72.351686
Andorra la Vella,AD,42.5069391,1.5212467
Pleiku,VN,13.9715982,108.0143597
Vantaa,FI,60.3091871,25.0364526
Houten,NL,52.0306156,5.1612166
Hilversum,NL,52.231587,5.1734936
Fukuoka,JP,33.6251241,130.6180016
Sant Boi de Llobregat,ES,41.3459033,2.0413673
Nogales,MX,18.8346283,-97.2017278
Burgos,ES,42.343926,-3.696977
Leyton,GB,51.5696734,-0.015681
Sarno,IT,40.810811,14.619839
Auburn Alabama,US,32.6098566,-85.4807825
Gandhidham,IN,23.0718743,70.131715
Hollywood Florida,US,26.0112014,-80.1494901
Andorra la Vella,AD,42.5069391,1.5212467
Krefeld,DE,51.3331205,6.5623343
Guarda,PT,40.7045804,-7.1951208
Hialeah Florida,US,25.8575963,-80.2781057
Albertslund Municipality,DK,55.6765405,12.3524974
Andorra la Vella,AD,42.5069391,1.5212467
Shimla,IN,40.00032,-86.25027
Pessac,FR,44.805615,-0.6308396
Kembuchi,JP,44.0959037,142.3614268
Steenwijk,NL,52.7895502,6.1210477
Warrington,GB,53.3899497,-2.5943178
Stara Zagora,BG,42.4247421,25.6257235
Gislaved,SE,57.25,13.45
Kirikkale,TR,39.8473604,33.5144853
Boise Idaho,US,43.6166163,-116.200886
Kajang,MY,2.9832341,101.7906587
Bucaramanga,CO,7.1114611,-73.1172869
Huế,VN,16.4638013,107.5821911
Constantine,DZ,36.364519,6.60826
New Plymouth,NZ,-39.0579941,174.0806474
Herzliya,IL,40.00032,-89.25037
Angeles City,PH,7.12251,125.6460898
Harare,ZW,-17.831773,31.045686
Andorra la Vella,AD,42.5069391,1.5212467
Irvine California,US,33.6856969,-117.8259819
Lens,FR,50.4291723,2.8319805
Rochdale,GB,53.6153659,-2.1557561
Newport,GB,51.5882332,-2.9974967
Ashford,GB,51.148555,0.8722566
Serres,GR,41.0910711,23.5498031
Napier City,NZ,-39.4902099,176.917839
San Juan,PR,-25.4206759,-49.2687429
Saitama,JP,35.9754168,139.4160114
Olsztyn,PL,53.7767239,20.4777813
La Spezia,IT,44.238366,9.6912326
Chorley,GB,53.6531915,-2.6294313
Hendon,GB,51.5897442,-0.22162
Mérignac,FR,44.8422361,-0.6469599
Skierniewice,PL,51.9580544,20.1448701
Tokorozawa,JP,35.7994271,139.4687478
Rhodes,GR,36.17263,27.9194181
Albacete,ES,38.9950921,-1.8559154
Oldham,GB,53.5415797,-2.1147831
Santo Domingo de los Colorados,EC,-2.910124,-78.9848484
Douai,FR,50.3675677,3.0804641
Bhilai,IN,40.00032,-86.25027
Pacoima California,US,34.2625025,-118.427027
Cloppenburg,DE,52.8461339,8.0438783
Nuuk,GL,64.175029,-51.7355386
Andorra la Vella,AD,42.5069391,1.5212467
Westminster California,US,33.7578725,-117.9859054
Oakville,CA,38.4368549,-122.4022007
Ingolstadt,DE,48.7630165,11.4250395
Gdynia,PL,54.5038325,18.4628062
Granada,ES,37.183054,-3.6021928
Durban,ZA,-29.861825,31.009909
Kashiwa,JP,35.8676218,139.9756876
Manta,EC,-1.0321138,-80.8223685
rnsköldsvik,SE,62.0,15.0
São João del Rei,BR,-21.1335755,-44.2588086
Ban Bang Phli Nakhon,TH,13.60867,100.71372
Pasuruan,ID,-7.6419894,112.906694
Montijo,PT,38.7450253,-8.6288585
Bothell Washington,US,47.7598697,-122.2068288
Barcelos,PT,41.5314496,-8.6192306
Athens,GR,37.9839412,23.7283052
Aubervilliers,FR,48.9146078,2.3821895
Tula de Allende,MX,20.0489487,-99.3729562
Eskilstuna,SE,59.3717379,16.5051474
Kozhikode,IN,40.00032,-86.25027
Andorra la Vella,AD,42.5069391,1.5212467
Vargarda,SE,58.0340071,12.7769271
Doncaster,GB,53.5227681,-1.1335312
Zutphen,NL,52.143222,6.2044441
Hellevoetsluis,NL,51.8433469,4.1213028
Capao da Canoa,BR,-29.7508278,-50.0210729
Rødovre Municipality,DK,55.6902004,12.4480451
Cuauhtemoc,MX,19.4416128,-99.1518637
Ninh Binh,VN,20.2545421,105.9764854
Jackson Mississippi,US,32.2990384,-90.1847691
Bac Ninh,VN,21.1212051,106.0880245
Beccar,AR,-34.4635418,-58.5343404
Ikast,DK,56.1390178,9.1547931
Suita,JP,34.764884,135.51735
Shizuoka,JP,34.979149,138.38299
Duiven,NL,51.9470218,6.0230325
Boxtel,NL,51.5890603,5.3157954
Croydon,GB,51.3713049,-0.101957
Liberec,CZ,50.7702648,15.0583947
Wejherowo,PL,54.6060682,18.2317861
Calama,CL,-22.4623917,-68.9272181
Cinisello Balsamo,IT,45.5560589,9.2143166
Ancona,IT,43.4801204,13.2187906
Ski,NO,59.7199284,10.8382744
Tel Aviv,IL,41.9972107,-87.6994707
Andorra la Vella,AD,42.5069391,1.5212467
Cuautla,MX,20.2036094,-104.4858267
Dulwich,GB,51.4418786,-0.0843244
Sindelfingen,DE,48.7084162,9.0035455
Langenfeld,DE,50.3769053,7.0918196
Angra dos Reis,BR,-23.0063966,-44.316326
Rishon LeZiyyon,IL,39.133768,-90.324581
Fort Worth Texas,US,32.753177,-97.3327459
Ovalle,CL,-30.6030819,-71.2029894
Kampen,NL,52.5559484,5.9033303
Mersin,TR,36.8117583,34.6292679
Miyakonojo,JP,31.7196106,131.0612029
Moscow,RU,55.7504461,37.6174943
San Giovanni la Punta,IT,37.5774071,15.094215
Quimper,FR,47.9960325,-4.1024782
Pergamino,AR,-33.897495,-60.575046
Bassersdorf,CH,47.4435706,8.6299131
Marietta Georgia,US,33.9528472,-84.5496148
Porta Westfalica,DE,52.2394431,8.924762
Norsborg,SE,59.2439038,17.8127308
Ituiutaba,BR,-18.9691887,-49.4639335
Lynchburg Virginia,US,37.4137536,-79.1422464
Chelsea,GB,51.4875167,-0.1687007
Meycauayan,PH,14.7345008,120.9571635
Motala,SE,58.5420395,15.041261
Lo Barnechea,CL,-33.2935888,-70.390355
Imus,PH,14.4287018,120.9359467
Bahía Blanca,AR,-38.7176522,-62.2654871
West End Queensland,AU,-27.4804327,153.0128302
Mugla,TR,37.1642053,28.2624288
lesund,NO,63.3319453,8.4666421
Hernani,ES,43.2661107,-1.9747419
Krasnoyarsk,RU,63.3233807,97.0979974
Edmonton,CA,53.535411,-113.507996
Larissa,GR,39.6383092,22.4160706
Anantapur,IN,14.6546235,77.5562598
Wetter (Ruhr),DE,51.3879463,7.3951553
iauliai,LT,55.41667,24.0
Medina,SA,24.471153,39.6111216
Wroclaw,PL,51.1089776,17.0326689
Legazpi,PH,13.1388596,123.7343104
Irun,ES,43.3383176,-1.7888095
Tubarao,BR,-28.471488,-49.014132
Oldenzaal,NL,52.3085369,6.9146037
Norwich,GB,52.628606,1.29227
Järvenpää,FI,60.4743601,25.0925118
Colima,MX,19.166667,-104.0
Franklin Tennessee,US,35.925206,-86.8689419
Corrientes,AR,-28.5912315,-57.9394658
San Fernando,PH,12.2604377,122.616547
Andorra la Vella,AD,42.5069391,1.5212467
Andorra la Vella,AD,42.5069391,1.5212467
Raleigh North Carolina,US,35.7803977,-78.6390989
Boston Massachusetts,US,42.3602534,-71.0582912
Pau,FR,43.2957547,-0.3685668
Andorra la Vella,AD,42.5069391,1.5212467
Ludwigshafen am Rhein,DE,49.4704113,8.4381568
Kingston,JM,17.9712148,-76.7928128
Vaenersborg,SE,58.3811988,12.3226877
Oradea,RO,47.0549163,21.9285231
Bagsvaerd,DK,55.7583936,12.4573112
Las Pinas,PH,14.4806089,120.9819099
Murcia,ES,37.9923795,-1.1305431
Namur,BE,50.4665284,4.8661892
Salvador,BR,-12.9822499,-38.4812772
Parma,IT,44.8013678,10.3280833
Yilan,TW,24.7519538,121.7533344
Waiblingen,DE,48.8425793,9.3305129
Bielsko-Biala,PL,49.8120785,19.0291988
Gomel,BY,52.4238936,31.0131698
Kungälv,SE,57.9,11.916667
Zagreb,HR,45.8131847,15.9771774
Atsugi,JP,35.4603975,139.3175055
Venlo,NL,51.3924489,6.1511724
Sidoarjo,ID,-7.4559622,112.6602217
Somerville Massachusetts,US,42.3875968,-71.0994968
Boden,SE,65.833333,21.666667
Biella,IT,45.5669538,8.086912
Rehovot,IL,40.00032,-89.25037
Mito,JP,36.3657792,140.4713933
Kamisaginomiya,JP,35.731639,139.6317433
Prato,IT,43.9357181,11.0941473
Ciudad Obregón,MX,27.4846619,-109.9337782
Louvain-la-Neuve,BE,50.6741689,4.6137906
Akron Ohio,US,41.083064,-81.518485
Mora,SE,61.0082091,14.5431333
Dachau,DE,48.2592477,11.4354419
Weimar,DE,50.9810486,11.3296637
Naestved,DK,55.2328252,11.7674102
Ichikawa,JP,35.729412,139.928568
Arrecife,ES,28.9639681,-13.5499014
Panampilly Nagar,IN,40.00032,-86.25027
Tsu,JP,34.7341973,136.5153283
Americana,BR,-22.7392463,-47.3306032
Kalisz,PL,51.747365,18.0795901
Viedma,AR,-40.8084274,-62.994722
Ibiza Town,ES,38.9072784,1.4353783
Bayan Lepas,MY,5.295127,100.2604606
Itaguei,CO,6.1724352,-75.6093254
Arezzo,IT,43.517202,11.7638792
Blagoveshchensk,RU,50.290527,127.527161
OEckeroe,SE,57.716667,11.633333
Haarlem,NL,52.3837058,4.6435597
Garcia,MX,25.8054661,-100.6396468
Trnava,SK,48.3767652,17.5858175
Andorra la Vella,AD,42.5069391,1.5212467
San Fernando,AR,-34.4471919,-58.5701505
Khlong Luang,TH,14.0473759,100.6226633
Konstanz,DE,47.659216,9.1750718
Basildon,GB,51.5754602,0.4757363
Sao Joao de Meriti,BR,-22.8043744,-43.3724125
Araruama,BR,-22.8733203,-42.3428897
Ageo,JP,35.9774082,139.5930504
Pelotas,BR,-31.7699736,-52.3410161
Cavite City,PH,14.482032,120.9089149
Patiala,IN,40.00032,-86.25027
Chofu,JP,35.660036,139.554815
Casalnuovo di Napoli,IT,40.9148194,14.3511247
Modena,IT,44.5384728,10.9359609
Tin Shui Wai,HK,22.4596112,114.0022375
Novosibirsk,RU,55.0282171,82.9234509
Maracaibo,VE,10.6499149,-71.6396282
Gentofte Municipality,DK,55.7506446,12.5460422
St Helens,GB,53.4535471,-2.7343231
Norwalk California,US,33.9092802,-118.0849169
Batam,ID,1.1061034,104.0378246
Kailua-Kona Hawaii,US,19.641941,-155.996933
Cabanatuan City,PH,15.4905045,120.9684264
Zamora,MX,20.0290033,-102.2712687
San Lorenzo,AR,43.5224043,12.0649592
El Puerto de Santa María,ES,36.601468,-6.2381494
Brandon Mississippi,US,32.2731475,-89.9868058
Queluz,PT,38.7549578,-9.2572448
Paterna,ES,39.5039227,-0.4421014
Rosario,AR,-32.9595004,-60.6615415
Courbevoie,FR,48.8953328,2.2561602
Orizaba,MX,18.849722,-97.103611
Singapore,SG,1.357107,103.8194992
Seri Kembangan,MY,3.0340649,101.7055684
Visakhapatnam,IN,17.7231276,83.3012842
Teófilo Otoni,BR,-17.8579267,-41.5081533
Bergamo,IT,45.7566557,9.7542192
Majadahonda,ES,40.473055,-3.8724138
Umuarama,BR,-23.7621152,-53.3116192
North Vancouver,CA,33.5737587,-117.7347551
Fresnillo,MX,23.2249237,-103.0162891
Paulo Afonso,BR,-9.3991006,-38.226711
Firozpur,IN,30.8851004,74.6601408
Gdansk,PL,54.361434,18.6282185
Naples Florida,US,26.1452817,-81.7954666
Andorra la Vella,AD,42.5069391,1.5212467
Andorra la Vella,AD,42.5069391,1.5212467
Most,CZ,50.5032737,13.636112
Andorra la Vella,AD,42.5069391,1.5212467
Grand Bourg,AR,-34.4887999,-58.7264425
Higashiosaka,JP,34.678147,135.597728
Volendam,NL,52.4963695,5.0683538
Maipu,CL,-33.5094409,-70.756182
Elche,ES,38.2653307,-0.6988391
Viby,DK,55.5509387,12.0248273
Salem Oregon,US,44.9391565,-123.033121
Avignon,FR,43.9492493,4.8059012
Olinda,BR,-7.9986401,-34.8459552
Perris California,US,33.7825194,-117.2286478
Zevenaar,NL,51.9279081,6.0775263
Philadelphia Pennsylvania,US,39.9527237,-75.1635262
Boulder Colorado,US,40.0149856,-105.2705456
Tsimshatsui,HK,22.3,114.16667
Viana do Castelo,PT,41.8803257,-8.5232553
Berkel en Rodenrijs,NL,51.9911323,4.4739774
Melipilla,CL,-33.6855134,-71.2145796
Opava,CZ,49.9389004,17.9024174
Zacatecas City,MX,23.0000001,-103.0000001
Nykobing Falster,DK,54.7646137,11.8709918
Molina,CL,-35.1139703,-71.2799798
Olomouc,CZ,49.5940567,17.251143
Leeuwarden,NL,53.2005936,5.7918548
Bento Gonçalves,BR,-29.1654014,-51.5197627
Probolinggo,ID,-7.8625017,113.3051361
Gjøvik,NO,60.7904113,10.6899329
Volgograd,RU,48.7081906,44.5153353
Martinez,AR,-34.4939666,-58.510352
Misterbianco,IT,37.5191722,15.0079363
Toulouse,FR,43.6044622,1.4442469
Zeist,NL,52.0865318,5.249008
Moelndal,SE,57.616667,12.083333
Goya,AR,-27.4899947,-58.8204265
Antwerp,BE,51.2211097,4.3997081
Honolulu Hawaii,US,21.304547,-157.8556764
St. Gallen,CH,47.4250593,9.3765878
Bratislava,SK,48.1516988,17.1093063
Straengnaes,SE,59.3763155,17.0268194
São Luís,BR,-2.5634605,-44.2448718
Marechal Candido Rondon,BR,-24.5582532,-54.0587821
Lucena City,PH,13.9712804,121.6403389
Frankfurt am Main,DE,50.1106444,8.6820917
Franca,BR,-20.5381768,-47.4009795
Zwickau,DE,50.7185043,12.4939267
Kishiwada,JP,34.4644,135.385237
Samsun,TR,41.2892334,36.328565
Ciudad Benito Juarez,MX,25.6467011,-100.0907766
Andorra la Vella,AD,42.5069391,1.5212467
Hanover,DE,52.3744779,9.7385532
Andorra la Vella,AD,42.5069391,1.5212467
Nanterre,FR,48.8924273,2.2071267
Río Cuarto,AR,-33.1237585,-64.3489782
Barnaul,RU,53.347402,83.7784496
Durango,MX,24.833333,-104.833333
Zlín,CZ,49.226766,17.6667415
Arad,RO,46.1753793,21.3196342
Seoul,KR,37.5666791,126.9782914
Povoa de Santa Iria,PT,38.8562721,-9.069732
Alès,FR,44.1253665,4.0852818
Bunschoten,NL,52.2391743,5.3734101
Chartres,FR,48.4438601,1.4881434
Helmond,NL,51.473568,5.667109
Uhingen,DE,48.7042331,9.5856424
Jaipur,IN,26.9154576,75.8189817
Kaohsiung City,TW,22.6203348,120.3120375
Jurong West,SG,1.3396365,103.7073387
Andorra la Vella,AD,42.5069391,1.5212467
Cheltenham,GB,51.8995685,-2.0711559
Baguio City,PH,16.412007,120.5933937
Surgut,RU,61.254032,73.3964
Cascavel,BR,-24.9554996,-53.4560544
Kasugai,JP,35.273804,137.007459
Montesilvano Marina,IT,42.5136032,14.1516203
Erzurum,TR,39.9063215,41.2727638
Maassluis,NL,51.9266671,4.2440007
Petaling Jaya,MY,3.0991752,101.6450232
Tangerang,ID,-6.1760311,106.6384468
Saratov,RU,51.530018,46.034683
Sai Buri,TH,14.4135293,102.8551666
Muscat,OM,23.5882019,58.3829448
Koeping,SE,59.5137434,15.9970475
Birmingham,GB,52.4796992,-1.9026911
Setagaya-ku,JP,35.646096,139.65627
Trivandrum,IN,40.00032,-86.25027
San Salvador,SV,13.6989939,-89.1914249
Bandhagen,SE,59.2703049,18.0495879
General Pacheco,AR,-34.4537215,-58.6351056
Badalona,ES,41.4493539,2.248254
Gävle,SE,60.6750132,17.1467019
Calumpit,PH,14.9151619,120.7636605
Irapuato,MX,20.6758761,-101.3521052
Campi Bisenzio,IT,43.8216342,11.1366776
Andorra la Vella,AD,42.5069391,1.5212467
Eastbourne,GB,50.7685761,0.2957854
Prešov,SK,48.9975724,21.2401811
Prayagraj,IN,25.4381302,81.8338005
Marbella,ES,36.508976,-4.88562
Aalen,DE,48.8362705,10.0931765
Ciudad de Huajuapan de Leon,MX,17.80787,-97.77956
Kensington,GB,51.4989948,-0.1991229
Allerød Municipality,DK,55.8555489,12.3388681
Southend-on-Sea,GB,51.5388241,0.7128137
Hafnarfjordur,IS,64.0239399,-21.9759704
Kecskemét,HU,46.9080769,19.6928133
East Malvern Victoria,AU,-37.8768611,145.0691707
Ljubljana,SI,46.0499803,14.5068602
Hoorn,NL,52.6225455,5.0677266
Montes Claros,BR,-16.7273538,-43.8717676
Ashdod,IL,40.00032,-89.25037
Andorra la Vella,AD,42.5069391,1.5212467
Tromsø,NO,69.649208,18.9543434
Forlì,IT,44.2227278,12.041273
Rochester New York,US,43.157285,-77.615214
Holon,IL,38.614215,-87.86392
Hämeenlinna,FI,60.9948584,24.46654
Cuiabá,BR,-15.5986686,-56.0991301
Guelph,CA,35.300928,-120.016177
Mannheim,DE,49.4892913,8.4673098
Setúbal,PT,38.524321,-8.8926172
Andorra la Vella,AD,42.5069391,1.5212467
Nijmegen,NL,51.8425749,5.8389606
Nieuwegein,NL,52.0298704,5.0929334
Littoinen,FI,60.4477424,22.405396
Albstadt,DE,48.233048,8.9991483
Elk Grove California,US,38.4087993,-121.3716178
Surabaya,ID,-7.2459717,112.7378266
Mogilev,BY,53.7254147,30.3863145
Guayaquil,EC,-2.2895167,-80.0983887
Gloucester,GB,51.8653705,-2.2458192
Nieuwerkerk aan den IJssel,NL,51.9675284,4.6116776
Santa Rosa California,US,38.4404925,-122.7141049
Kobenhavn O,DK,55.6867243,12.5700724
Pensacola Florida,US,30.421309,-87.2169149
Fano,IT,43.8424173,13.0146632
Andorra la Vella,AD,42.5069391,1.5212467
Santiago del Estero,AR,-27.6431016,-63.5408542
Ichihara,JP,35.497775,140.1156996
Andorra la Vella,AD,42.5069391,1.5212467
Maringá,BR,-23.425269,-51.9382078
Butuan,PH,8.9478297,125.527228
Novi Sad,RS,45.2551338,19.8451756
Andorra la Vella,AD,42.5069391,1.5212467
Tallinn,EE,59.4372155,24.7453688
Chelyabinsk,RU,55.1598408,61.4025547
Tokat Province,TR,40.3233534,36.552162
Ulm,DE,48.3974003,9.9934336
Saint-Brieuc,FR,48.5141134,-2.7603283
Saarbrücken,DE,49.234362,6.996379
Andorra la Vella,AD,42.5069391,1.5212467
Chicago Illinois,US,41.8755616,-87.6244212
Maldonado,UY,-34.9087162,-54.9582718
Laatzen,DE,52.3077423,9.8132829
Almada,PT,38.6764302,-9.1649974
Milwaukee Wisconsin,US,43.0349931,-87.922497
Lázaro Cárdenas,MX,18.0825417,-102.4826715
Lansing Michigan,US,42.7337712,-84.5553805
Lorca,ES,37.6715679,-1.6988053
Turnhout,BE,51.3233812,4.948461
Almería,ES,36.8414197,-2.4628135
Davao City,PH,7.0644123,125.6090916
Brussels,BE,50.8465573,4.351697
Poznan,PL,52.4006632,16.9197326
Gravesend,GB,51.4422972,0.3696206
Rohtak,IN,40.359568,-85.151994
Erlangen,DE,49.5981187,11.003645
Trenque Lauquen,AR,-35.9732484,-62.7301851
Noisy-le-Grand,FR,48.8493972,2.5519571
Memphis Tennessee,US,35.1490215,-90.0516285
Kanagawa,JP,35.4715259,139.6275201
Uruapan,MX,19.4060433,-102.03429
Frohburg,DE,51.0567105,12.5576743
Czeladz,PL,50.3191419,19.0784707
Ringsted,DK,55.446817,11.7975218
Guatemala City,GT,14.6222328,-90.5185188
St Albans,GB,51.7492956,-0.3422526
Grande Prairie,CA,35.073007,-117.956115
Virum,DK,55.7939593,12.4694709
Adrogue,AR,-34.7973853,-58.3885508
Adapazarı,TR,40.784799,30.3996833
Bielefeld,DE,52.0191005,8.531007
Moradabad,IN,40.00032,-86.25027
Tlemcen,DZ,34.881789,-1.316699
Koka,JP,34.9625992,136.1655415
AElmhult,SE,56.55,14.116667
Burgas,BG,42.4466,27.2062069
Boucherville,CA,35.187133,-117.885359
Os,NO,62.4151857,11.4096629
Chillan,CL,-36.6066616,-72.1033194
Andorra la Vella,AD,42.5069391,1.5212467
Bellingham Washington,US,48.7544012,-122.4788361
Dartmouth,CA,33.6499245,-117.8281847
Taubate,BR,-23.031448,-45.5612792
Torrejón de Ardoz,ES,40.4587767,-3.4793343
Oshawa,CA,34.1627335,-117.4812198
Andorra la Vella,AD,42.5069391,1.5212467
Andorra la Vella,AD,42.5069391,1.5212467
Hedensted,DK,55.7705233,9.6994255
Logroño,ES,42.4661196,-2.4396676
Corner Brook,CA,37.3328873,-121.8755104
Queens New York,US,40.7498243,-73.7976337
Durango,ES,43.1707065,-2.6334897
Sapucaia do Sul,BR,-29.8197019,-51.1608722
Baku,AZ,40.3754434,49.8326748
Magnitogorsk,RU,53.4242184,58.983136
Tambov,RU,52.72879,41.45536
Chambéry,FR,45.5662672,5.9203636
Arnsberg,DE,51.4002384,8.0605908
Rouen,FR,49.4404591,1.0939658
Elverum,NO,60.8829633,11.5602384
Andorra la Vella,AD,42.5069391,1.5212467
Wembley,GB,51.5531547,-0.2957562
Kursk,RU,51.739433,36.179604
Union de Credito Agricola de Hermosillo,MX,28.8223775,-111.3921528
Loja,EC,-4.0528506,-79.8053425
Quảng Ngãi,VN,15.1190037,108.8095598
Kannur,IN,11.8762254,75.3738043
Chatham,GB,51.3804845,0.5292758
Ecatepec,MX,19.5994083,-99.0487281
Khmelnytskyy,UA,50.0638956,31.4601452
La Plata,AR,-34.9206797,-57.9537638
Odivelas,PT,38.7953835,-9.1878221
Santa Luzia,BR,-19.7702097,-43.8505291
Andorra la Vella,AD,42.5069391,1.5212467
Beni Mellal,MA,32.334193,-6.353335
Santiago de los Caballeros,DO,19.4503932,-70.6909047
Lillehammer,NO,61.1333408,10.4265855
Caulfield South Victoria,AU,-37.894699,145.0249323
Hung Yen,VN,20.8193369,106.0314504
Izumiotsu,JP,34.506612,135.408793
Andorra la Vella,AD,42.5069391,1.5212467
Capelle aan den IJssel,NL,51.9358538,4.5894609
Andorra la Vella,AD,42.5069391,1.5212467
Rancho Cucamonga California,US,34.1033192,-117.5751735
Petrolina,BR,-9.3817334,-40.4968875
Caloocan City,PH,14.6513225,120.9722957
Maebashi,JP,36.3893418,139.0632826
Adelfia,IT,41.0042654,16.8716526
Torslanda,SE,57.7243742,11.7653423
Heesch,NL,51.73519,5.5266331
Brasov,RO,45.6523093,25.6102746
Paraná,AR,-31.7330145,-60.5298511
Seinäjoki,FI,62.7954104,22.8442015
Xalapa,MX,19.5408338,-96.9146374
San Pablo City,PH,14.0652981,121.3207999
Tainan City,TW,22.9912348,120.184982
Zevenbergen,NL,51.6468,4.6105971
Alcorcón,ES,40.3492998,-3.8284295
Cao Lanh,VN,10.4620322,105.6357948
Rybnik,PL,50.0955793,18.5419933
Notodden,NO,59.6871024,9.1508082
Champaign Illinois,US,40.1164205,-88.2433829
Vannes,FR,47.6586772,-2.7599079
Sainte-Clotilde,RE,-20.89161,55.47872
General Trias,PH,14.38629,120.8802961
Hardenberg,NL,52.5698214,6.633167
Chania,GR,35.5120831,24.0191544
Ruda Śląska,PL,50.270303,18.8643756
Salerno,IT,40.4194416,15.3107562
Ciudad Lopez Mateos,MX,19.5733975,-99.243949
Varna,BG,43.2069025,27.9150855
Norrtaelje,SE,59.766667,18.7
Adana,TR,36.9936175,35.3258349
Sucre,BO,-19.0477251,-65.2594306
Norrköping,SE,58.5909124,16.1903511
Barakaldo,ES,43.29548,-2.9900933
Chandler Arizona,US,33.3061605,-111.84125
Chengdu,CN,30.6598628,104.0633717
Betim,BR,-19.968056,-44.198333
Fayetteville Arkansas,US,36.0625843,-94.1574328
Vitoria-Gasteiz,ES,42.8465088,-2.6724025
Vitrolles,FR,44.4347105,5.9496043
Craiova,RO,44.3190159,23.7965614
Lukow,PL,51.9250641,22.3727304
San Felipe,CL,-32.7506976,-70.7252018
Greenville South Carolina,US,34.851354,-82.3984882
Bern,CH,46.9482713,7.4514512
Abbotsford,CA,37.2787068,-121.7678565
Iida,JP,35.5147101,137.8219519
Lucknow,IN,26.8381,80.9346001
Newcastle upon Tyne,GB,54.9738474,-1.6131572
Andorra la Vella,AD,42.5069391,1.5212467
Newark Delaware,US,39.6852191,-75.7508289
Andorra la Vella,AD,42.5069391,1.5212467
Swidnica,PL,50.8424835,16.4870549
Mobile Alabama,US,30.6943566,-88.0430541
Charleroi,BE,50.4120332,4.4436244
São Carlos,BR,-22.0180395,-47.891154
Villa Carlos Paz,AR,-31.4183774,-64.4936985
Hoellviken,SE,55.4137626,12.9632315
Nakhon Sawan,TH,15.7054772,99.9288481
Tomsk,RU,58.6124279,82.0475315
Olivos,AR,-34.5110708,-58.4901197
Andorra la Vella,AD,42.5069391,1.5212467
Haltern am See,DE,51.7430516,7.187221
Naas,IE,53.2214677,-6.6574093
Olavarría,AR,-36.8939975,-60.3227331
Przemysl,PL,49.7835552,22.7885113
Montreuil,FR,50.4638918,1.7631125
Manresa,ES,41.7288939,1.8286765
Fredericton,CA,45.9479594,-66.6533624
Chisinau,MD,47.0245117,28.8322923
Vila Nova de Famalicao,PT,41.4065175,-8.5187481
Clearwater Florida,US,27.9658533,-82.8001026
Tay Ninh,VN,11.404629,106.0033909
Karlskrona,SE,56.1621073,15.5866422
Huesca,ES,42.1360614,-0.0298027
Middelfart,DK,55.4470245,9.9369944
Bellshill,GB,55.8189311,-4.0225794
Tijuana,MX,32.5010188,-116.9646629
Nishiochiai,JP,35.720838,139.6769303
Andorra la Vella,AD,42.5069391,1.5212467
La Paz,BO,-16.4955455,-68.1336229
Meerut,IN,29.0006525,77.7682288
Kopavogur,IS,64.0280441,-21.6862704
Reggio Calabria,IT,38.1035389,15.6397556
Andorra la Vella,AD,42.5069391,1.5212467
Lajeado,BR,-29.4671522,-51.9624046
Andorra la Vella,AD,42.5069391,1.5212467
Lancaster,GB,54.0484068,-2.7990345
Bunkeflostrand,SE,55.5498201,12.9299472
Artvin,TR,41.160506,41.8398627
Uden,NL,51.6630136,5.6491844
Køge,DK,55.4565009,12.1818964
Heerenveen,NL,52.9984742,5.9231488
Reggio Emilia,IT,44.608664,10.5947968
Mostoles,ES,40.3238525,-3.8649214
Kirov,RU,58.6035257,49.6639029
Riobamba,EC,-1.6732765,-78.6482479
Kolding,DK,55.4894999,9.47905
Neumünster,DE,54.0757442,9.9815377
Helsinki,FI,60.1674881,24.9427473
Chiba,JP,35.609985,140.118126
Nuremberg,DE,49.453872,11.077298
Sapporo,JP,43.061936,141.3542924
Andorra la Vella,AD,42.5069391,1.5212467
Mundamveli,IN,9.9251855,76.2578918
Blumenau,BR,-26.9195567,-49.0658025
Capilla de Guadalupe,MX,20.8274512,-102.5915681
Mandaluyong City,PH,14.5776485,121.0337001
Palhoca,BR,-27.6447774,-48.6646323
Coslada,ES,40.423802,-3.5552882
Tultitlan de Mariano Escobedo,MX,19.64812,-99.16865
San Martín de los Andes,AR,34.556478,-94.20577
Comodoro Rivadavia,AR,-45.8632024,-67.4752615
Belo Horizonte,BR,-19.9227318,-43.9450948
Ishøj,DK,55.6094468,12.3582555
East London,ZA,-33.0191604,27.8998573
Castanhal,BR,-1.2927031,-47.9223903
Araxá,BR,-19.5928536,-46.940241
Kottayam,IN,9.6287383,76.6455326
Takamatsu,JP,34.3425592,134.0465338
Harstad,NO,68.9297384,16.5209135
Nakhon Pathom,TH,13.8918425,100.0165659
Tanuku,IN,40.00032,-86.25027
Lidingoe,SE,59.3669445,18.1820897
Plano Texas,US,33.0136764,-96.6925096
Novara,IT,45.58425,8.545997
Phan Thiết,VN,10.931025,108.1014632
Bao Loc,VN,21.3921175,103.0108062
Lucca,IT,44.0177639,10.45443
Santa Rosa,PH,14.3146042,121.1137466
Boulogne-Billancourt,FR,48.8356649,2.240206
Melbourne Victoria,AU,-37.8142176,144.9631608
Espoo,FI,60.2241869,24.6603626
Oslo,NO,59.9133301,10.7389701
Enkoeping,SE,59.6356115,17.077856
Andorra la Vella,AD,42.5069391,1.5212467
Caseros,AR,-34.607366,-58.5661311
Kellyville New South Wales,AU,-33.7158272,150.954993
Córdoba,AR,-31.4173391,-64.183319
Dundee,GB,56.4605938,-2.97019
Navojoa,MX,27.0265701,-109.4022668
Leiria,PT,39.7437902,-8.8071119
Andorra la Vella,AD,42.5069391,1.5212467
Tuscaloosa Alabama,US,33.2095614,-87.5675258
Nagareyama,JP,35.8562314,139.9026259
Vlijmen,NL,51.694263,5.2091225
São Miguel do Oeste,BR,-26.7278977,-53.5176689
Hoogvliet,NL,51.8652855,4.3641111
Nyborg,DK,55.3098281,10.7976604
Elst,NL,51.9187914,5.8452555
Fréjus,FR,43.4330308,6.7360182
Tarnów,PL,50.0259883,20.9640584
Assendelft,NL,52.4681109,4.7449605
Padova,IT,45.4077172,11.8734455
Royal Tunbridge Wells,GB,51.1371483,0.2673446
Yalova,TR,40.6291846,29.2500262
Andorra la Vella,AD,42.5069391,1.5212467
Temuco,CL,-38.7362611,-72.590546
Kungsbacka,SE,57.466667,12.166667
Allen Texas,US,33.1031744,-96.6705503
Kew Victoria,AU,-37.801462,145.0411442
Chiayi City,TW,23.4811089,120.4535412
Lugano,CH,46.0050102,8.9520281
Cork,IE,51.898627,-8.4705942
Taranto,IT,40.5488156,17.0805801
Boulogne,AR,33.608922,-91.207356
Kherson,UA,46.6412644,32.625794
Glostrup Municipality,DK,55.6835672,12.4128011
Bello,CO,6.334997,-75.5582665
Thunder Bay,CA,33.8126707,-117.9203441
Veliky Novgorod,RU,58.5209862,31.2757862
Toyama,JP,36.6957569,137.2136215
Sao Vicente,BR,-23.9603686,-46.3847024
Governador Valadares,BR,-18.8539497,-41.9458753
Sumaré,BR,-22.8217964,-47.267105
Gütersloh,DE,51.9063997,8.3782078
Prince George,CA,37.3566009,-121.85168
Aizawl,IN,39.213246,-85.891117
Manado,ID,1.4900578,124.8408708
Rostock,DE,54.0924445,12.1286127
Moers,DE,51.451283,6.62843
Marrickville New South Wales,AU,-33.9103854,151.1556908
Székesfehérvár,HU,47.1910169,18.410811
Sagamihara,JP,35.56559,139.236215
Bremen,DE,53.0758196,8.8071646
Caen,FR,49.1810037,-0.3698915
Garden Grove California,US,33.7746292,-117.9463717
Andorra la Vella,AD,42.5069391,1.5212467
Mem Martins,PT,38.793577,-9.34399
Formosa,AR,-24.5955306,-60.4289718
Basingstoke,GB,51.262826,-1.0861976
Bruges,BE,51.2085526,3.226772
Alma,CA,37.8103577,-122.4227866
Long Beach California,US,33.7690164,-118.191604
Regensburg,DE,49.0195333,12.0974869
Sleman,ID,-7.6952864,110.3446292
Andorra la Vella,AD,42.5069391,1.5212467
Villa Mercedes,AR,-33.6745795,-65.4617562
Sinop,BR,-11.8508224,-55.5175957
Liège,BE,50.6451381,5.5734203
Ostrów Wielkopolski,PL,51.6471864,17.8037607
Tiruchi,IN,40.00032,-86.25027
Florissant Missouri,US,38.7919683,-90.3227803
David,PA,8.4949423,-82.4826159
Jakarta,ID,-6.1753942,106.827183
Nogent-sur-Marne,FR,48.8388009,2.4917292
Sinop,TR,41.6394277,34.8681231
Legnica,PL,51.2047689,16.174675
Nantou City,TW,23.9099561,120.6837059
Romford,GB,51.5760462,0.1822646
Surrey,CA,34.1802784,-117.3439046
Strasbourg,FR,48.584614,7.7507127
Paranavai,BR,-23.08165,-52.461724
Ciudad Guzmán,MX,19.7001632,-103.463935
Johor Bahru,MY,1.4953041,103.7550839
Colchester,GB,51.8896903,0.8994651
Osorno,CL,-40.5733223,-73.1359011
Hamirpur,IN,25.75,80.0
Andorra la Vella,AD,42.5069391,1.5212467
Lambaré,PY,-25.3455354,-57.6261456
Roseville California,US,38.7521235,-121.2880059
Tlahuac,MX,19.2703721,-99.0049033
Novy Urengoy,RU,66.085196,76.6799167
Trikala,GR,39.5560869,21.7678844
Cincinnati Ohio,US,39.1014537,-84.5124602
Imperatriz,BR,-5.5269279,-47.478115
Nueve de Julio,AR,35.82743,-91.571834
Puerto Madryn,AR,-27.8074045,-64.2452689
Brunswick Victoria,AU,-37.766704,144.9609844
Szigetszentmiklos,HU,47.345765,19.0409037
Arnhem,NL,51.984257,5.9108573
Padang,ID,-0.9247587,100.3632561
Andorra la Vella,AD,42.5069391,1.5212467
Marrakesh,MA,31.6258257,-7.9891608
Yigo Village,GU,13.5352045,144.8971569
Rijssen,NL,52.3080276,6.5213004
Chernivtsi,UA,48.2864702,25.9376532
Huddersfield,GB,53.6466645,-1.7822482
George Town,MY,5.4145681,100.3298035
Komae-shi,JP,35.634023,139.575977
Uxbridge,GB,51.5449509,-0.4816672
Cagayan de Oro,PH,8.4754878,124.6421317
Verona,IT,45.4384958,10.9924122
Udon Thani,TH,17.5211917,102.6680012
Cebu City,PH,10.3095549,123.8931107
Buccinasco,IT,45.4171504,9.1097883
Almaty,KZ,43.2363924,76.9457275
Tallahassee Florida,US,30.4380832,-84.2809332
Ryazan,RU,54.6295687,39.7425039
Tula,RU,54.1930321,37.61754
Camberwell,GB,51.4745706,-0.0925416
Tigre,AR,-34.4226513,-58.5808967
Point Cook Victoria,AU,-37.9064862,144.7533059
Jaboatao dos Guararapes,BR,-8.1752476,-34.9468716
Kollam,IN,39.777422,-87.292017
Kuusankoski,FI,60.9069347,26.6241933
Compton California,US,33.894927,-118.226624
Itaperuna,BR,-21.2048,-41.88801
Bagé,BR,-31.3314264,-54.1062808
Dorchester Massachusetts,US,42.2973205,-71.0744952
Aabenraa,DK,55.0446228,9.4209667
Sjoebo,SE,55.633333,13.683333
Oujda,MA,34.677874,-1.929306
Mol,BE,51.1840421,5.1155267
Andorra la Vella,AD,42.5069391,1.5212467
Vinh Long,VN,10.1066908,105.9866244
Andorra la Vella,AD,42.5069391,1.5212467
Emmeloord,NL,52.7091058,5.7477459
Warsaw,PL,52.2319581,21.0067249
Charlottetown,CA,46.234953,-63.132935
Lipa City,PH,13.9429009,121.1389429
Andorra la Vella,AD,42.5069391,1.5212467
Andorra la Vella,AD,42.5069391,1.5212467
Itapema,BR,-27.09472,-48.6137778
Oxnard California,US,34.1976308,-119.1803818
Roeselare,BE,50.9444948,3.124765
Passau,DE,48.5748229,13.4609744
Yogyakarta,ID,-7.9778384,110.3672257
Venado Tuerto,AR,-33.7455871,-61.9686068
Bogotá,CO,4.6533326,-74.083652
Quito,EC,-0.2201641,-78.5123274
Scandicci,IT,43.7567104,11.1847619
Ogden Utah,US,41.2230048,-111.9738429
Brasília,BR,-10.3333333,-53.2
Vendelso,SE,57.3020978,12.1154235
San Lorenzo,PY,-25.3425224,-57.509397
Mikkeli,FI,61.6877956,27.2726569
Goirle,NL,51.5056266,5.0337741
Orta di Atella,IT,40.966512,14.268029
Phoenix Arizona,US,33.4484367,-112.0741417
Las Condes,CL,-33.4247879,-70.5174976
Bradford,GB,53.7944229,-1.7519186
Andorra la Vella,AD,42.5069391,1.5212467
Andorra la Vella,AD,42.5069391,1.5212467
Boa Vista do Jauato,BR,-2.76667,-65.28333
Tumba,SE,59.2005555,17.8343123
Kingston,CA,44.230687,-76.481323
Aveiro,PT,40.640496,-8.6537841
Zárate,AR,-34.0954713,-59.0245097
Si Sa Ket,TH,15.116794,104.332348
Linhares,BR,-19.3816944,-40.0612213
Boulogne-sur-Mer,FR,50.7259985,1.6118771
Cachoeirinha,BR,-29.9493353,-51.0898927
pinay-sur-Seine,FR,48.8305077,2.5965459
Dublin,IE,53.3497645,-6.2602732
Raanana,IL,40.00032,-89.25037
Columbus Georgia,US,32.4610708,-84.9880449
Blackburn,GB,53.749326,-2.4840566
Narashino-shi,JP,35.670572,140.018956
Aarhus V,DK,56.1496278,10.2134046
Ramos Mejia,AR,-34.6481661,-58.5622869
Barsinghausen,DE,52.30223,9.4623741
Quilicura,CL,-33.3551882,-70.7443732
Kadapa,IN,40.00032,-86.25027
Talcahuano,CL,-36.7144863,-73.1141463
Mesa Arizona,US,33.4151117,-111.8314792
Georgetown Texas,US,30.6326942,-97.6772311
Bridgend,GB,51.5049843,-3.5756674
Hradec Králové,CZ,50.2092113,15.8327512
Greensburg Pennsylvania,US,40.3014581,-79.5389289
Corfu,GR,39.591337,19.8596189
Andorra la Vella,AD,42.5069391,1.5212467
Oegstgeest,NL,52.1833669,4.4721294
